Time,Learning rate,Train loss,Validation loss,MAE_energy,MAE_forces
4.221418857574463,0.0005,0.902291601896286,1.065931248664856,1.0990907351175945,0.29498452928331165
7.585790157318115,0.0005,0.5609249909718831,0.8938410192728042,0.9960586071014405,0.2912454393174913
10.952422142028809,0.0005,0.46448773211903044,0.7305378437042236,0.7637341101964314,0.28949806213378904
14.32956600189209,0.0005,0.3872136112716463,0.659845753510793,0.7250221172968546,0.2609783638848199
17.68669605255127,0.0005,0.3503223230441411,0.6063953995704651,0.700872278213501,0.2561997816297743
21.049046993255615,0.0005,0.32895620299710165,0.5274732028444608,0.642025375366211,0.25148497263590497
24.442792177200317,0.0005,0.28846168915430703,0.48754290739695233,0.6411573568979899,0.25076654222276473
27.804563999176025,0.0005,0.26866230732864804,0.4191299796104431,0.5687840541203817,0.2334932115342882
31.169522047042847,0.0005,0.2476721485455831,0.38160134156545006,0.5088440338770549,0.23071978251139322
34.54985213279724,0.0005,0.2172607241405381,0.3448905378580093,0.4768237590789795,0.21417127397325303
37.90720295906067,0.0005,0.20412428478399913,0.3206762472788493,0.4681753198305766,0.2103457260131836
41.279924154281616,0.0005,0.1966588964064916,0.3304124037424723,0.6630575497945149,0.20361388312445747
44.637749910354614,0.0005,0.195628066195382,0.2887539287408193,0.4768793185551961,0.19802994622124567
48.000710010528564,0.0005,0.17366671727763283,0.27502190669377646,0.4308761199315389,0.19920861562093098
51.37744903564453,0.0005,0.1574523897634612,0.2570185462633769,0.4501527150472005,0.18234811570909287
54.74004602432251,0.0005,0.15135639641020032,0.24111050541202228,0.4581183950106303,0.180918943617079
58.1135630607605,0.0005,0.14362724282675318,0.24360626538594563,0.5224780241648356,0.1811998388502333
61.47747302055359,0.0005,0.1392796473370658,0.21108189225196838,0.3965730826059977,0.17280164506700305
64.85768485069275,0.0005,0.12517731313904126,0.20207638641198475,0.3366393725077311,0.16731065114339191
68.24865818023682,0.0005,0.11897353438867463,0.18849578102429707,0.3411046822865804,0.16405059390597873
71.64637207984924,0.0005,0.11299150023195478,0.18137997736533482,0.36074262857437134,0.1635373306274414
75.00600790977478,0.0005,0.10976664341158338,0.17881786525249482,0.37839191357294716,0.16203352822197808
78.37016201019287,0.0005,0.10661805603239272,0.1733301264544328,0.38234907388687134,0.15279540485805934
81.73940706253052,0.0005,0.10959927572144403,0.1713014562924703,0.3747711499532064,0.14919060177273222
85.1072371006012,0.0005,0.10259867260853449,0.15576614836851757,0.34005999167760215,0.144469911787245
88.5010039806366,0.0005,0.09303749236795637,0.1423840013643106,0.32028359174728394,0.1351027086046007
91.86600685119629,0.0005,0.08500887287987603,0.1414240539073944,0.27386270761489867,0.13417709562513563
95.23595094680786,0.0005,0.07911496899194187,0.125043918689092,0.3052728017171224,0.12127255969577365
98.60909700393677,0.0005,0.07708494497670068,0.13114225069681804,0.40773178736368815,0.12083544413248698
101.9949779510498,0.0005,0.08544091576089462,0.11254484752813974,0.2619575063387553,0.11776444329155816
105.3748550415039,0.0005,0.07118666217558914,0.11143728991349539,0.2665294647216797,0.12148852242363824
108.74816799163818,0.0005,0.07408307641744613,0.10487063825130463,0.29686384201049804,0.10670170466105143
112.13686323165894,0.0005,0.06749333267410597,0.11503993570804597,0.3483716408411662,0.11867439270019531
115.54462003707886,0.0005,0.06424981016251775,0.1000327562292417,0.3507231036822001,0.10311224831475152
118.93146586418152,0.0005,0.056230932142999436,0.09203626463810603,0.31158318122227985,0.09960562705993653
122.3081750869751,0.0005,0.05401055556204584,0.07818538844585418,0.2904842734336853,0.09474110073513455
125.6808590888977,0.0005,0.05007522039943271,0.0788117120663325,0.3015781005223592,0.08505607816908095
129.0680410861969,0.0005,0.04721280481252405,0.06676624317963918,0.2842615842819214,0.07909580124749077
132.45342302322388,0.0005,0.04414129712515407,0.06827529470125834,0.25099303722381594,0.08750500996907552
135.846284866333,0.0005,0.0418347601675325,0.0611931582291921,0.21919304927190145,0.07498920758565267
139.23833417892456,0.0005,0.03785616680979729,0.05755732258160909,0.2878377596537272,0.07572298155890571
142.61846113204956,0.0005,0.03537946537964874,0.05393611987431844,0.24352736870447794,0.08141802046034072
146.00863194465637,0.0005,0.0332572016865015,0.04592008615533511,0.18994626601537068,0.06946187761094835
149.40060782432556,0.0005,0.033611175583468544,0.0476808267335097,0.19002185662587484,0.07890550825330946
152.7851870059967,0.0005,0.032263071628080474,0.043585133055845895,0.20354735851287842,0.07081316630045573
156.1694049835205,0.0005,0.029807301279571322,0.0519531841079394,0.265461007754008,0.07838777754041884
159.55452513694763,0.0005,0.033386259194877414,0.042490013192097345,0.24347378810246786,0.06456285582648383
162.94151210784912,0.0005,0.0309076976031065,0.04297380074858666,0.27330241998036703,0.06845691680908203
166.32280111312866,0.0005,0.03406906140347322,0.04110872919360797,0.2375767469406128,0.0640233908759223
169.75135493278503,0.0005,0.02588203422104319,0.037735626101493835,0.17923262516657512,0.06714994324578179
173.134761095047,0.0005,0.02396377552714613,0.03369800305614869,0.15301778316497802,0.06773030598958334
176.51313400268555,0.0005,0.021240640638603106,0.03373834217588107,0.16354955434799195,0.06676580958896212
179.9036979675293,0.0005,0.023533241616355047,0.03182696625590324,0.1802173654238383,0.06191140916612413
183.28293704986572,0.0005,0.0210470142463843,0.038773828620711964,0.27288458347320554,0.063056058883667
186.66819405555725,0.0005,0.024303381517529487,0.028627839187781015,0.1571040431658427,0.06149872461954753
190.0620472431183,0.0005,0.02008250587516361,0.03210165997346242,0.2093972166379293,0.06080036375257704
193.44474577903748,0.0005,0.019299717557926973,0.025606572131315865,0.14582727352778116,0.06307763205634223
196.92489504814148,0.0005,0.017513208091259003,0.04883718763788541,0.3627054452896118,0.06481176058451335
200.32034397125244,0.0005,0.02195714885989825,0.02326325550675392,0.1303549329439799,0.06404475847880045
203.72951698303223,0.0005,0.014913462474942208,0.025128119190533958,0.1483633001645406,0.05702528847588433
207.24308395385742,0.0005,0.015205907873395416,0.022968303163846335,0.12977880239486694,0.05486099243164062
210.64244198799133,0.0005,0.014247490983042453,0.022685552512605987,0.14511497418085734,0.059900752173529734
214.02727103233337,0.0005,0.014367852732539177,0.031413129344582555,0.2536795337994893,0.06248323334587945
217.4165449142456,0.0005,0.015443668819756971,0.02151642752190431,0.14196725289026896,0.05413876427544488
220.79874181747437,0.0005,0.013747956272628573,0.0235238179564476,0.17897754112879435,0.058343642552693684
224.192232131958,0.0005,0.013774385530915525,0.020211788018544515,0.13222649494806926,0.053027061886257595
227.57892894744873,0.0005,0.013117611853198872,0.022106463710467022,0.16551554203033447,0.051295962863498266
230.97575306892395,0.0005,0.012453317311075,0.020139915061493714,0.1353244423866272,0.06076999240451389
234.3634331226349,0.0005,0.011939973301357694,0.020941108713547388,0.13786038160324096,0.052742313808865016
237.76871800422668,0.0005,0.015281572048034932,0.023527277012666065,0.1781373937924703,0.06720693164401584
241.18785285949707,0.0005,0.014695386961102485,0.023037195454041162,0.19286541938781737,0.05796216222974989
244.58241391181946,0.0005,0.015839833414389028,0.0205912912885348,0.16582716703414918,0.0549836360083686
247.9745078086853,0.0005,0.012302530763877762,0.02114671717087428,0.1760089159011841,0.050960753758748374
251.36003303527832,0.0005,0.012818452053599888,0.020969913403193156,0.18302175203959148,0.048710996839735246
254.76096081733704,0.0004,0.010024548311614328,0.018422469869256018,0.16152139902114868,0.052840747833251954
258.1561200618744,0.0004,0.009564308118489054,0.01652007525165876,0.12933967113494874,0.05067713737487793
261.5510711669922,0.0004,0.008412135444167588,0.015337130054831505,0.11222268342971801,0.04729365878634983
264.9429359436035,0.0004,0.007598663918260071,0.015516612802942593,0.11165516376495362,0.0482846482594808
268.41493797302246,0.0004,0.007058839624126752,0.014272350197037062,0.09359390338261922,0.046806985007392034
271.8348808288574,0.0004,0.006694526432289017,0.014625931903719903,0.11725130478541056,0.04630318641662598
275.2369041442871,0.0004,0.007584742829203605,0.020975902738670508,0.21666348775227864,0.04544131490919325
278.62870597839355,0.0004,0.01082494156435132,0.015311029149840276,0.1367242693901062,0.04550105465783013
282.0413751602173,0.0004,0.006919760319093863,0.014179574449857076,0.10896631876627604,0.047094098197089304
285.4486520290375,0.0004,0.006705419993441966,0.013367215419809024,0.08779061635335286,0.0499266603257921
288.84400391578674,0.0004,0.006169723015692499,0.014976693068941433,0.1410256028175354,0.04775546497768826
292.2343399524689,0.0004,0.0073547051081226935,0.013806744726995628,0.11470633347829183,0.046622083452012804
295.6285889148712,0.0004,0.006272429553791881,0.012589501465360324,0.09335118929545085,0.04419724994235569
299.0308198928833,0.0004,0.005348632831333412,0.011828879763682684,0.08055487473805746,0.044876393212212456
302.41973900794983,0.0004,0.005296904459181759,0.013335350838800272,0.12928258577982585,0.04413716634114583
305.82801699638367,0.0004,0.005781805184152391,0.015640985469023386,0.16611707210540771,0.043229351043701174
309.2315239906311,0.0004,0.0058796532141665615,0.013248179325213034,0.11746007601420085,0.04620915306939019
312.64804100990295,0.0004,0.005189181760781341,0.011214674947162469,0.07813265721003214,0.043636753294203016
316.0489981174469,0.0004,0.004529621514181296,0.01115803358455499,0.08379832903544109,0.04635159916347927
319.4583749771118,0.0004,0.0052438148556070195,0.011655096647640069,0.08870813449223837,0.04497584448920356
322.84962487220764,0.0004,0.00532808250023259,0.013586679225166638,0.1370877424875895,0.041386102040608726
326.2458589076996,0.0004,0.007398706115782261,0.012783049295345942,0.1340251366297404,0.0454339615503947
329.63576197624207,0.0004,0.008190368307340476,0.01251892459889253,0.12780547539393108,0.04472486390007867
333.0258128643036,0.0004,0.004965591707473828,0.011279142430673043,0.08758072058359782,0.0439903826183743
336.43133997917175,0.0004,0.0040792998029953904,0.0110991470515728,0.09026076396306355,0.04432815551757813
339.8334481716156,0.0004,0.004794046417292621,0.012982863187789916,0.15486164887746176,0.042806001239352756
343.2270839214325,0.0004,0.0052653163568013245,0.009499800205230714,0.07383389472961426,0.041241850852966305
346.62206411361694,0.0004,0.00495107372601827,0.010977086673180262,0.09840823411941528,0.041244413587782115
350.0232238769531,0.0004,0.004368732973105378,0.010029626327256362,0.0839650829633077,0.04277292781405979
353.42645382881165,0.0004,0.0038231456445323095,0.009419480587045352,0.07093147039413453,0.03899674415588379
356.81927585601807,0.0004,0.004208752528453866,0.010594772982100646,0.11630645990371705,0.04174494054582384
360.21285104751587,0.0004,0.004664228504730595,0.009833708436538776,0.0747199257214864,0.041555940839979384
363.6230719089508,0.0004,0.003762444238074952,0.009281059975425403,0.07569420337677002,0.04012350188361274
367.0240550041199,0.0004,0.003337261908584171,0.00886393040418625,0.09002325932184856,0.03770877838134765
370.4180009365082,0.0004,0.0037455189766155347,0.009752609580755234,0.07820202509562174,0.038096827930874294
373.8323428630829,0.0004,0.0036137607052094405,0.009070516501863798,0.09405512809753418,0.04082558102077908
377.22735810279846,0.0004,0.0035301590183128913,0.008430480056752761,0.06529466311136882,0.03962786356608073
380.65338683128357,0.0004,0.0031078573730256823,0.008918949775397778,0.07879521449406941,0.03940185758802626
384.04938888549805,0.0004,0.0033530733755065337,0.008678927024205526,0.08145540157953898,0.04225538041856554
387.4558708667755,0.0004,0.003783250318115784,0.00888690563539664,0.06827362378438313,0.04183630201551649
390.8531789779663,0.0004,0.002918420509538717,0.008352467169364294,0.07963590224583944,0.03792348119947645
394.2564101219177,0.0004,0.0027942067930578356,0.008619278110563755,0.07400965293248495,0.036442692014906145
397.64519214630127,0.0004,0.0036612139497366218,0.00916137925038735,0.08090849717458089,0.03905513604482015
401.03642106056213,0.0004,0.0034469595592882896,0.00926559530198574,0.08352837165196737,0.043799189461602106
404.428848028183,0.0004,0.003339940363851686,0.008386194395522276,0.06450819969177246,0.04226619296603733
407.8454999923706,0.0004,0.0029047753092729385,0.00824779321750005,0.06436971028645834,0.03865589777628581
411.26402711868286,0.0004,0.0026867343009346063,0.008102871477603912,0.07549788951873779,0.037404004202948676
414.6845281124115,0.0004,0.0027157690479523607,0.007843583139280479,0.06702219645182292,0.042207386228773326
418.08907103538513,0.0004,0.0031043811701238154,0.010053209774196149,0.12094232638676962,0.03837068928612603
421.47593688964844,0.0004,0.005708355322066281,0.014281380424896876,0.19013431469599407,0.038805061976114906
424.875864982605,0.0004,0.005694199963990185,0.007771047639350096,0.08146491448084513,0.03605075306362576
428.27419090270996,0.0004,0.0026200828530515232,0.007419686787761748,0.05508200724919637,0.037177751859029134
431.725056886673,0.0004,0.00224059344165855,0.007467522472143173,0.05642008384068807,0.04117105272081163
435.26277804374695,0.0004,0.0022677279168015554,0.007117417516807715,0.06059573888778687,0.03509570492638482
438.68602299690247,0.0004,0.0021958618993974392,0.007518711034208536,0.06219470898310343,0.037202094395955405
442.1319010257721,0.0004,0.002613062941883173,0.007387352424363295,0.06915217240651449,0.038002548217773435
445.5298230648041,0.0004,0.0025109309444410932,0.007462100777775049,0.07201345364252726,0.03970658302307129
448.9569067955017,0.0004,0.0023029540872408286,0.0077520027756690976,0.07708499431610108,0.03929213629828559
452.35060811042786,0.0004,0.0022637384478002786,0.007173048580686251,0.07095623811086019,0.033609323501586914
455.75900292396545,0.0004,0.002176238482611047,0.006568540073931217,0.05284303426742554,0.033822470241122775
459.1553120613098,0.0004,0.002001379844215181,0.006584653723984956,0.06174304485321045,0.03400395287407769
462.5614240169525,0.0004,0.0021611645145134793,0.006189988429347674,0.05908865133921305,0.03301384290059407
465.960165977478,0.0004,0.0018126764334738255,0.0064338328937689464,0.06286840836207072,0.03389811250898573
469.3634741306305,0.0004,0.0020296704955399037,0.006171441947420438,0.0524720033009847,0.03490676138136122
472.7769031524658,0.0004,0.0022398686398648554,0.007145163292686145,0.087251611550649,0.033188863330417206
476.1860408782959,0.0004,0.0025926951681160266,0.006512937974184752,0.07068537473678589,0.03273530218336317
479.60800981521606,0.0004,0.0021456049806955787,0.0057556524872779844,0.04729130268096924,0.03194676558176676
483.0074851512909,0.0004,0.0018154577300366428,0.006045580841600895,0.052157334486643475,0.032391520076327854
486.40900802612305,0.0004,0.00194387829138173,0.006387257591510812,0.06858520110448202,0.032849507331848146
489.82046818733215,0.0004,0.002113270200788975,0.00635043162231644,0.07460440397262573,0.031960673332214355
493.2347049713135,0.0004,0.0020587697832120787,0.005931609651694695,0.04764961401621501,0.03467096593644884
496.6372389793396,0.0004,0.0019880181876942515,0.007047017477452755,0.09038914839426676,0.031320119433932835
500.0432639122009,0.0004,0.0022767244475997155,0.00584956615542372,0.046747652689615886,0.03739216380649143
503.45752906799316,0.00032,0.001763378764088783,0.005598684307187796,0.043483229478200276,0.03232640425364176
506.86282300949097,0.00032,0.0017408354621794488,0.005773941551645597,0.04796802600224813,0.031263126267327204
510.2818069458008,0.00032,0.0018630676333689028,0.0058017579217751825,0.05286171833674113,0.033920700285169816
513.6741831302643,0.00032,0.0019251685693032212,0.0062608440717061365,0.07428342501322428,0.03118465264638265
517.0733079910278,0.00032,0.0019987975454164877,0.005891695028791825,0.050388141473134355,0.032110489209493
520.5048038959503,0.00032,0.0020028116698894236,0.006673393491655588,0.09252694447835287,0.031148295402526855
523.8997669219971,0.00032,0.0019905506219300957,0.00615250055367748,0.06762382984161378,0.03292363166809082
527.3083281517029,0.00025600000000000004,0.00157166154951685,0.00548186528030783,0.050051124890645345,0.030963596238030328
530.7164351940155,0.00025600000000000004,0.0016348521923646331,0.005482012460318705,0.05932124455769857,0.030946791172027588
534.1307089328766,0.00025600000000000004,0.001576325672471689,0.005820055864751339,0.06929251352945963,0.029555007616678872
537.529443025589,0.00025600000000000004,0.0018431648146361112,0.0056067673489451405,0.066227126121521,0.031459183163113066
540.9397311210632,0.00025600000000000004,0.0015238002770476872,0.00525805422415336,0.05169567664464315,0.030280534956190323
544.3571910858154,0.00025600000000000004,0.0014877969243874154,0.005701881491889557,0.07791302998860677,0.029457013342115614
547.7566061019897,0.00025600000000000004,0.0017412530206557778,0.005227450638388594,0.0436620553334554,0.02963578701019287
551.1662540435791,0.00025600000000000004,0.0016087209598885641,0.00594972874969244,0.08485117355982462,0.030058282216389974
554.5938379764557,0.00025600000000000004,0.001967151571686069,0.0052170292163888615,0.05899441639582316,0.030259096357557507
558.0441980361938,0.00025600000000000004,0.001600454861505164,0.005036236656208833,0.04816896518071492,0.029661846160888673
561.464625120163,0.00025600000000000004,0.0013104678416210743,0.004857770415643851,0.04241386254628499,0.030080069965786403
564.8814749717712,0.00025600000000000004,0.001330759182261924,0.005093940844138463,0.053515235582987465,0.031093859672546388
568.2908489704132,0.00025600000000000004,0.0014212609786126349,0.005342766487350066,0.06747512022654216,0.03090100023481581
571.7586479187012,0.00025600000000000004,0.0014305649454601937,0.004751295301442345,0.040078699588775635,0.030141949123806425
575.1664071083069,0.00025600000000000004,0.0011975022808959088,0.0052954315207898615,0.06274991035461426,0.031197846200731065
578.5834310054779,0.00025600000000000004,0.0012554780062701968,0.004808915903170904,0.04693172772725423,0.0292149199379815
581.9962038993835,0.00025600000000000004,0.0011587334175904593,0.004933895698438088,0.04537995258967082,0.029966964191860623
585.4032511711121,0.00025600000000000004,0.0012295178836211561,0.004934750807782014,0.060473565260569254,0.029172717730204266
588.8031270503998,0.00025600000000000004,0.0013838671406524049,0.004922819634278615,0.04839189449946086,0.02947199821472168
592.2146258354187,0.00025600000000000004,0.0015687002283003594,0.004662806354463101,0.0419880747795105,0.028033393753899467
595.6250669956207,0.00025600000000000004,0.001344441226683557,0.004704343038611114,0.04746970733006795,0.028289761543273926
599.0377900600433,0.00025600000000000004,0.0012496618553996086,0.004636578029021621,0.04687869946161906,0.02834167692396376
602.4579339027405,0.00025600000000000004,0.0011731446552504267,0.004802410956472158,0.05873874028523763,0.027861114078097875
605.8699820041656,0.00025600000000000004,0.0011834570154961612,0.004624695253248016,0.046334298451741536,0.029203314516279433
609.2812488079071,0.00025600000000000004,0.0010908832644215887,0.0045320675087471805,0.04318402608235677,0.028354273902045354
612.7007188796997,0.00025600000000000004,0.0011483724591218763,0.00454313928882281,0.04827184279759725,0.027887123425801595
616.1030161380768,0.00025600000000000004,0.001153342053294182,0.005302225922544797,0.07406028509140014,0.030774159431457518
619.504604101181,0.00025600000000000004,0.0018094965929372443,0.004999940438816945,0.06528392235438028,0.028349323802524144
622.909873008728,0.00025600000000000004,0.001529799686330888,0.004580545037363966,0.05031377871831258,0.028292063077290854
626.3665618896484,0.00025600000000000004,0.0012047483637515042,0.0043456174433231355,0.04443270365397135,0.027992870542738173
629.780149936676,0.00025600000000000004,0.0010876263336588939,0.004223019924635688,0.035249606768290205,0.028144202762179906
633.1873269081116,0.00025600000000000004,0.0011891249903581208,0.004192827176302672,0.04399029413859049,0.02702280468410916
636.5966811180115,0.00025600000000000004,0.0011865296879679792,0.004301419233282407,0.036247841517130536,0.027555468347337513
640.0000259876251,0.00025600000000000004,0.00106159863450254,0.004637208767235279,0.06262815395991007,0.02815479967329237
643.4102749824524,0.00025600000000000004,0.0011504105809662078,0.004316660265127818,0.047903382778167726,0.02681268744998508
646.828489780426,0.00025600000000000004,0.0011959490831941367,0.004517224074030916,0.060991096496582034,0.027429694864485
650.2425169944763,0.00025600000000000004,0.001178156646589438,0.004069678485393524,0.03601772785186767,0.028043958346048992
653.655191898346,0.00025600000000000004,0.0011543353605601523,0.00411403754260391,0.04027397632598877,0.028442864418029786
657.0722060203552,0.00025600000000000004,0.0010063217538926336,0.0040094976623853045,0.03494803110758463,0.027768692440456814
660.4825918674469,0.00025600000000000004,0.0011702820399983062,0.004375567287206649,0.05433802207310994,0.028457177480061848
663.8944230079651,0.00025600000000000004,0.0013127707979745335,0.003890252113342285,0.040968660513559976,0.02640187793307834
667.3000090122223,0.00025600000000000004,0.0012329094034309188,0.0036745404514173666,0.03422141472498576,0.026298120816548667
670.7030959129333,0.00025600000000000004,0.00104361290189748,0.004240323820461829,0.039280132452646895,0.02744664986928304
674.118793964386,0.00025600000000000004,0.0012186486480964555,0.0039919580022494,0.04222185214360555,0.02713446405198839
677.5390529632568,0.00025600000000000004,0.0014484172919765116,0.004254520405083895,0.052299753824869795,0.027172667185465495
680.9819428920746,0.00025600000000000004,0.001102119340147409,0.003853633301332593,0.03934976657231649,0.02598136239581638
684.3842768669128,0.00025600000000000004,0.001050098618078563,0.003797257784754038,0.0360753854115804,0.026401039759318033
687.8166470527649,0.00025600000000000004,0.0010552396260512372,0.00409456059957544,0.04428234100341797,0.029608621067470975
691.2259800434113,0.00020480000000000004,0.0009668463634120093,0.004249427312364181,0.06202481190363566,0.026211729579501682
694.6536219120026,0.00020480000000000004,0.0010877480911504892,0.003672970365732908,0.03296441634496053,0.025895018312666152
698.0538609027863,0.00020480000000000004,0.0010005361115973856,0.0038480343918005627,0.04032235542933146,0.02643483585781521
701.4606170654297,0.00020480000000000004,0.0008741371450014413,0.0038354072409371534,0.03441222111384074,0.028079797426859537
704.861072063446,0.00020480000000000004,0.0009695781989850932,0.0037222643770898384,0.03348534901936849,0.026356469260321723
708.2727890014648,0.00020480000000000004,0.000855765129543013,0.0037270479835569857,0.034605518976847334,0.026852123472425674
711.6882929801941,0.00020480000000000004,0.0008956251924650537,0.00399852991104126,0.05330978631973267,0.025841015444861518
715.1129839420319,0.00020480000000000004,0.0009419356938451529,0.0037582607318957647,0.04180726210276286,0.025217034286922877
718.6091558933258,0.00016384000000000006,0.0008500174780945397,0.003653280157595873,0.03680890003840129,0.025292336146036785
722.0358300209045,0.00016384000000000006,0.0008713186925484075,0.0036249125686784586,0.03365184068679809,0.02567820045683119
725.4566929340363,0.00016384000000000006,0.0008214027879552708,0.0037475364282727242,0.04412427345911662,0.025307387775844997
728.8675739765167,0.00016384000000000006,0.0008550796748345925,0.0036500259147336086,0.03753763437271118,0.025292794969346787
732.2702550888062,0.00016384000000000006,0.0008099626749753952,0.0036732658588637906,0.03873532215754191,0.02471198558807373
735.680624961853,0.00016384000000000006,0.0008094292800200897,0.0034857940239210925,0.03206589221954346,0.02478621694776747
739.0979590415955,0.00016384000000000006,0.0007727072270224905,0.0035114049601058166,0.031456140677134196,0.024819364017910427
742.5034890174866,0.00016384000000000006,0.0008109137040769888,0.0037047203397378324,0.04315167268117269,0.024749117427402073
745.9180130958557,0.00016384000000000006,0.0007650939385510153,0.0036854001382986704,0.04663931528727214,0.025247261789109972
749.3748319149017,0.00016384000000000006,0.0008119050439240204,0.0034633193165063856,0.036721336841583255,0.02535825517442491
752.7792649269104,0.00016384000000000006,0.0007957204710692167,0.003512103312338392,0.04101691643397013,0.024786510467529298
756.2758259773254,0.00016384000000000006,0.0008094885981538229,0.003524136294921239,0.03448723554611206,0.025814945962693955
759.6992208957672,0.00016384000000000006,0.0008241165856209894,0.003462734290709098,0.030602645874023438,0.02469783518049452
763.1041879653931,0.00016384000000000006,0.0008981464624715348,0.003533753907928864,0.04041074911753337,0.02650237931145562
766.5086381435394,0.00016384000000000006,0.0008377256570383906,0.0035229562160869437,0.03470608393351237,0.025862005551656086
769.9159882068634,0.00016384000000000006,0.0007994798244908452,0.0035526683554053307,0.035736604531606035,0.02632946703169081
773.330826997757,0.00016384000000000006,0.0008170908420450158,0.0034016912259782353,0.03164355357487996,0.024685305489434137
776.7336449623108,0.00016384000000000006,0.0007717165099974308,0.003507539505759875,0.036339521408081055,0.02494882106781006
780.1566498279572,0.00016384000000000006,0.0007573910186895066,0.003373468015342951,0.030670650800069175,0.02583472039964464
783.5818610191345,0.00016384000000000006,0.0007413593877572567,0.003426859201863408,0.032600152492523196,0.02461930063035753
787.010360956192,0.00016384000000000006,0.0007290856110759908,0.0034172723069787027,0.03338936964670817,0.02460707770453559
790.4441339969635,0.00016384000000000006,0.0007193928442171051,0.003333611413836479,0.03333062728246053,0.02403913974761963
793.8651947975159,0.00016384000000000006,0.0007420759104813138,0.0036135078097383182,0.05115116039911906,0.024208433363172743
797.2883501052856,0.00016384000000000006,0.0010233187685824102,0.003749062027782202,0.058939067522684734,0.024190043343438043
800.732134103775,0.00016384000000000006,0.0009840597191618549,0.0032751863201459248,0.031867460409800215,0.024411321745978463
804.1598770618439,0.00016384000000000006,0.0009735445155658656,0.003618249219531814,0.05004653533299764,0.025278285344441733
807.5933289527893,0.00016384000000000006,0.0007895646371050842,0.0032401377179970344,0.029629639784495034,0.02409510612487793
811.019602060318,0.00016384000000000006,0.0007457524977831377,0.0034511437018712363,0.04509212573369344,0.02375972482893202
814.4281539916992,0.00016384000000000006,0.0007769792935707503,0.003271811765929063,0.03443952798843384,0.02471346139907837
817.8541281223297,0.00016384000000000006,0.0007130468839831236,0.0032936216176797945,0.030137014389038087,0.02517311626010471
821.2669658660889,0.00016384000000000006,0.0006916394386078334,0.0031957079966863,0.029111011823018392,0.023959929678175184
824.6776847839355,0.00016384000000000006,0.0006842156820413139,0.0033590006331602733,0.04673790534337362,0.02359776496887207
828.0741109848022,0.00016384000000000006,0.0007990545153410898,0.0033134877681732177,0.04471404155095418,0.024234925905863444
831.4749889373779,0.00016384000000000006,0.0008752325950707827,0.0031986311698953313,0.03437583843866984,0.024046775499979654
834.8933029174805,0.00016384000000000006,0.0007449176317701737,0.0031019449544449646,0.03397256135940552,0.023555903964572484
838.3195650577545,0.00016384000000000006,0.0007191813602629635,0.0034361488185822965,0.05659270683924357,0.024211125903659397
841.7349309921265,0.00016384000000000006,0.0007814063897563352,0.0031549992971122267,0.0399633526802063,0.023628891838921442
845.1499619483948,0.00016384000000000006,0.0007497136300015781,0.0034873158981402713,0.057144578297932944,0.023164683712853327
848.563884973526,0.00016384000000000006,0.0008570706885721948,0.004303946439176798,0.08440090815226237,0.02376911057366265
851.9771039485931,0.00016384000000000006,0.0011223833652264955,0.003202648142663141,0.04143512646357218,0.02314802752600776
855.394905090332,0.00016384000000000006,0.0007304643125583729,0.00316500721188883,0.041231191158294676,0.02315374427371555
858.8058459758759,0.00013107200000000006,0.0007706278495283591,0.002998681894193093,0.02897574504216512,0.02310166252983941
862.2124950885773,0.00013107200000000006,0.0006952410007620023,0.0030290760138692954,0.03249597946802775,0.023087938096788194
865.6272737979889,0.00013107200000000006,0.0006726920734056168,0.0030159842999031147,0.030920263131459555,0.022910657193925647
869.0433790683746,0.00013107200000000006,0.0006454520056852036,0.0031899576385815936,0.04931346972783406,0.02309671507941352
872.4466650485992,0.00013107200000000006,0.0008423709750382437,0.0030380647629499437,0.03451209863026937,0.02281344042883979
875.8564009666443,0.00013107200000000006,0.0007004520325507554,0.0030688692815601824,0.040670684973398846,0.02336383024851481
879.2638030052185,0.00013107200000000006,0.0006901779509563413,0.0030429437834148605,0.03506856362024943,0.022826719284057616
882.6710650920868,0.00010485760000000006,0.0006342617303339972,0.0029292571203162272,0.02984811067581177,0.022733852863311768
886.1073608398438,0.00010485760000000006,0.0006721895213963256,0.0029282312219341597,0.031861507892608644,0.022734210756089952
889.555960893631,0.00010485760000000006,0.0006751906029724826,0.0029575988495101533,0.03181765874226888,0.02272559377882216
892.9658570289612,0.00010485760000000006,0.0006209765121133791,0.002982457975546519,0.03609908024470011,0.022885940339830185
896.372220993042,0.00010485760000000006,0.0006837340731484195,0.003005148641144236,0.03441961208979289,0.02272654904259576
899.8097360134125,0.00010485760000000006,0.0006780926396863328,0.002972501143813133,0.03990424871444702,0.022547700670030382
903.2359309196472,0.00010485760000000006,0.0006717388932075765,0.0029875770211219787,0.03852638800938924,0.024081012937757704
906.6476881504059,0.00010485760000000006,0.0007312196617325147,0.002944117582713564,0.03044982353846232,0.023273974259694418
910.0823760032654,8.388608000000005e-05,0.0006198758906167415,0.002922332100570202,0.032550100485483804,0.022559935251871745
913.5062239170074,8.388608000000005e-05,0.0006039031419075197,0.00283013874044021,0.02803404728571574,0.0224637500445048
916.931391954422,8.388608000000005e-05,0.0005856789939571172,0.002881732404542466,0.028712268670399985,0.023120483822292752
920.4006729125977,8.388608000000005e-05,0.0005901652000223597,0.002872703348596891,0.030093606313069662,0.02240704854329427
923.8158600330353,8.388608000000005e-05,0.0005825280373553849,0.0028660678304731845,0.02869224945704142,0.022338508235083685
927.2432098388672,8.388608000000005e-05,0.0005732134683057666,0.002844094562654694,0.029966004689534507,0.022476535108354356
930.6568369865417,8.388608000000005e-05,0.0005879176981074529,0.0028544872843970855,0.03446194330851237,0.022177037133110894
934.0792720317841,8.388608000000005e-05,0.0005940131959505379,0.0028515018018273014,0.030765589078267416,0.022278550730811225
937.496031999588,6.710886400000004e-05,0.0005810932191606197,0.0028197105353077252,0.028727726141611735,0.02215279155307346
940.9064559936523,6.710886400000004e-05,0.0005746549978438351,0.002817564783617854,0.02684700091679891,0.022851678530375164
944.3175809383392,6.710886400000004e-05,0.0005470297299325466,0.002822101271400849,0.027589833736419676,0.022551592191060385
947.7358629703522,6.710886400000004e-05,0.000556118604597739,0.002807737576464812,0.02744724750518799,0.022583687570359973
951.1492600440979,6.710886400000004e-05,0.0005602052590499321,0.0028326370753347873,0.030279310544331868,0.022135837343004016
954.6783761978149,6.710886400000004e-05,0.0005491318472195417,0.0028052341658622026,0.02752112547556559,0.022459602091047498
958.1370949745178,6.710886400000004e-05,0.0005558537519795613,0.0028165366811056932,0.027651190757751465,0.02241572274102105
961.5711588859558,6.710886400000004e-05,0.0005536102909698254,0.0027894625750680764,0.027167391777038575,0.02205642859141032
964.9854199886322,6.710886400000004e-05,0.0005517616686928603,0.002808839486291011,0.030831301212310792,0.021940888828701443
968.391147851944,6.710886400000004e-05,0.0005795952252810821,0.0027951077713320653,0.03239994446436564,0.021967283884684243
971.8009488582611,6.710886400000004e-05,0.0005634775333520439,0.0027857114095240832,0.028598229090372723,0.022476520273420546
975.2188909053802,6.710886400000004e-05,0.0005446770875197318,0.002767976342389981,0.028895306587219238,0.021889175838894315
978.631894826889,6.710886400000004e-05,0.0005513978190720082,0.00277399856907626,0.026840813954671226,0.021958607567681206
982.048425912857,6.710886400000004e-05,0.0005373106156993244,0.0027699819610764584,0.027479763825734457,0.022102936638726128
985.4645900726318,6.710886400000004e-05,0.0005339065126867757,0.0027753558630744615,0.027964619795481364,0.021965120633443195
988.9993691444397,6.710886400000004e-05,0.0005410320345415837,0.0027994129961977404,0.027882532278696696,0.022193426026238337
992.4381620883942,6.710886400000004e-05,0.0005497894198116329,0.002730696004194518,0.026872924963633218,0.0219917180803087
995.8611979484558,6.710886400000004e-05,0.0005360852700606402,0.002729188123097022,0.02917571465174357,0.022529150644938153
999.2726149559021,6.710886400000004e-05,0.0005726340433789625,0.0027659803008039793,0.03023914098739624,0.021928464041815865
1002.6889429092407,6.710886400000004e-05,0.0005427004523678786,0.0027802610925088326,0.029406678676605225,0.02186030838224623
1006.1140031814575,6.710886400000004e-05,0.0005587336206291284,0.0027143909595906735,0.027468844254811605,0.021735589504241943
1009.5232439041138,6.710886400000004e-05,0.0005439980796331333,0.0027485269121825693,0.02726300557454427,0.021734489334954157
1012.9340579509735,6.710886400000004e-05,0.0005358288375039896,0.0027756364240000644,0.030534414450327556,0.02255524926715427
1016.3494498729706,6.710886400000004e-05,0.0005504480191221875,0.002750359227259954,0.030479260285695395,0.021836014323764377
1019.7634840011597,6.710886400000004e-05,0.0005236661889486843,0.002734188704440991,0.02983596722284953,0.02183859003914727
1023.2038140296936,6.710886400000004e-05,0.0005391953849337168,0.0026783316551397245,0.026943270365397134,0.0216054720348782
1026.6608521938324,6.710886400000004e-05,0.0005288898078207341,0.002726888796314597,0.02928257385889689,0.021589298248291016
1030.0829968452454,6.710886400000004e-05,0.0005372129645871206,0.0026737458926315107,0.027174178759256998,0.02157695319917467
1033.5067009925842,6.710886400000004e-05,0.0005254278347517053,0.0027384555122504633,0.032494322458903,0.022693462636735703
1036.9378199577332,6.710886400000004e-05,0.0005543994781975117,0.0027017445924381414,0.030111253261566162,0.02173257483376397
1040.3768439292908,6.710886400000004e-05,0.0005298591387044224,0.002665666677057743,0.027829909324645997,0.02167041195763482
1043.8051919937134,6.710886400000004e-05,0.0005311846131614099,0.0026547204703092574,0.026210137208302817,0.02186377101474338
1047.2428798675537,6.710886400000004e-05,0.0005146978849855562,0.002637058636173606,0.02579196294148763,0.021483254962497287
1050.659644126892,6.710886400000004e-05,0.0005383383935420878,0.002800054398054878,0.040401212374369305,0.021476429038577608
1054.082183122635,6.710886400000004e-05,0.0005608245575179656,0.002643012333040436,0.02657450040181478,0.021484726270039875
1057.506590127945,6.710886400000004e-05,0.0005206917140943309,0.0027470081113278866,0.03369129498799642,0.021984029610951743
1060.9135630130768,6.710886400000004e-05,0.000553267436205513,0.0026634670794010162,0.028776840368906657,0.02146906428866916
1064.3313069343567,6.710886400000004e-05,0.0005210420006834384,0.0027232812407116096,0.028950631618499756,0.021702687475416396
1067.7413630485535,6.710886400000004e-05,0.0005155143425023804,0.0026637773960828783,0.027393380800882976,0.02144896666208903
1071.162616968155,5.3687091200000036e-05,0.000519529688042692,0.0026338804280385377,0.027227834860483805,0.021425739924112955
1074.5766718387604,5.3687091200000036e-05,0.000521711728328632,0.0027870802829662957,0.03786573012669881,0.021541849772135416
1078.0311388969421,5.3687091200000036e-05,0.0005618743740746545,0.002654631940337519,0.027873102823893228,0.021715308560265434
1081.4456090927124,5.3687091200000036e-05,0.0005141307150350056,0.002614986209664494,0.02554038365681966,0.02234436511993408
1084.8830921649933,5.3687091200000036e-05,0.000507821961461256,0.0026242896953287223,0.02847121556599935,0.021410064697265627
1088.3058280944824,5.3687091200000036e-05,0.0004982185789332207,0.00260492789093405,0.02580803632736206,0.021272847917344836
1091.7443099021912,5.3687091200000036e-05,0.0005102626384339399,0.002597329905256629,0.02721177339553833,0.021505867110358345
1095.1607048511505,5.3687091200000036e-05,0.0005239877151325345,0.0026270953627924123,0.029521592458089194,0.02123822424146864
1098.5878088474274,5.3687091200000036e-05,0.0005170067966294785,0.0026023450617988905,0.026331766446431478,0.021413687070210775
1102.0060970783234,5.3687091200000036e-05,0.0004936432963909788,0.00261556813493371,0.028031496206919353,0.02134139643775092
1105.4170122146606,5.3687091200000036e-05,0.0005011417928876148,0.0026304195324579876,0.02841477394104004,0.021464012463887534
1108.834979057312,5.3687091200000036e-05,0.0005118444199777312,0.0026311511794726056,0.02910745938618978,0.022030609713660346
1112.2475190162659,5.3687091200000036e-05,0.000511943913039027,0.002612962519439558,0.0310179869333903,0.021369694073994954
1115.6800348758698,4.2949672960000034e-05,0.0004900652468980601,0.0025803034232618908,0.027296316623687745,0.021158370706770156
1119.0970768928528,4.2949672960000034e-05,0.0004931567579559568,0.002567094409217437,0.026035869121551515,0.02104438861211141
1122.521407842636,4.2949672960000034e-05,0.000489861287900971,0.0025726494088303296,0.02675975561141968,0.021092827849917943
1125.9601440429688,4.2949672960000034e-05,0.0004915129671442426,0.002540040691383183,0.02595240672429403,0.021125254366132946
1129.463347196579,4.2949672960000034e-05,0.0004832017998625007,0.0025470235695441565,0.02595053513844808,0.0211351654264662
1133.0193929672241,4.2949672960000034e-05,0.0004915232407963938,0.002587365328023831,0.0309557835261027,0.02098500543170505
1136.4432079792023,4.2949672960000034e-05,0.0004945281116912763,0.0025275286907951037,0.027470592657725015,0.02118822150760227
1139.8567390441895,4.2949672960000034e-05,0.0004999449502469765,0.002554969256743789,0.02886590560277303,0.02120737526151869
1143.2824947834015,4.2949672960000034e-05,0.0005076970976208233,0.0024938920590405664,0.02552272876103719,0.02090480539533827
1146.7065761089325,4.2949672960000034e-05,0.00048032468896255727,0.002515576733276248,0.025654486815134683,0.021007435586717395
1150.1244740486145,4.2949672960000034e-05,0.0004811891665061315,0.0025414515286684035,0.029201976458231606,0.020873221821255155
1153.5471568107605,4.2949672960000034e-05,0.0004908993478036589,0.0025180928719540437,0.026528239250183105,0.02133597691853841
1156.998654127121,4.2949672960000034e-05,0.00048606152154712215,0.0025589266791939736,0.026035324732462565,0.02159254339006212
1160.4343321323395,4.2949672960000034e-05,0.0004786925209272239,0.0025373899377882482,0.028830687204996746,0.020907566282484268
1163.8672289848328,4.2949672960000034e-05,0.0005005843601086073,0.0025506668258458375,0.028826693693796795,0.020982357925838895
1167.287090063095,3.435973836800003e-05,0.0005222665391758912,0.0025252592749893665,0.026790388425191245,0.020931569470299616
1170.7092158794403,3.435973836800003e-05,0.0004845292307436466,0.002521460650799175,0.025698248545328775,0.02101152367062039
1174.1273210048676,3.435973836800003e-05,0.00047133980163683496,0.0025254523265175522,0.025481609503428142,0.020909077326456707
1177.5556240081787,3.435973836800003e-05,0.00047635194140538157,0.0025208349456079305,0.026942650477091473,0.020974749194251168
1180.9660251140594,3.435973836800003e-05,0.0004820782070358594,0.0025268451310694216,0.026608280340830483,0.020927280320061577
1184.3821868896484,3.435973836800003e-05,0.0004962408578851157,0.002531420113518834,0.027744726339975993,0.021386280059814453
1187.794996023178,2.7487790694400027e-05,0.0004766167374327779,0.0025052663094053667,0.025055460135142007,0.021021014584435355
1191.2189679145813,2.7487790694400027e-05,0.0004678059925532175,0.0024924533441662788,0.025448731581370034,0.02106655756632487
1194.6484792232513,2.7487790694400027e-05,0.0004672787042282936,0.0025051198123643794,0.025925827026367188,0.02091269466612074
1198.0694360733032,2.7487790694400027e-05,0.0004625511976579825,0.002500567868507157,0.025282347202301027,0.02122641298505995
1201.503664970398,2.7487790694400027e-05,0.0004634554226261874,0.0024813773886611062,0.024854771296183267,0.020893087651994494
1204.9285321235657,2.7487790694400027e-05,0.0004589639940402574,0.002480655116960406,0.02527298927307129,0.02083714008331299
1208.351016998291,2.7487790694400027e-05,0.00046828612766047523,0.0024912090273573996,0.025228591759999593,0.02142111831241184
1211.7830259799957,2.7487790694400027e-05,0.0004686957871955302,0.002507971879094839,0.02734782298405965,0.02128822061750624
1215.2012629508972,2.7487790694400027e-05,0.0004655562289473083,0.0024657664199670155,0.02525473435719808,0.020823048220740423
1218.6146490573883,2.7487790694400027e-05,0.0004674837762852096,0.0024798105160395304,0.025440168380737305,0.0207792952325609
1222.031749010086,2.7487790694400027e-05,0.00047545078365753094,0.002482403605245054,0.024791006247202554,0.021341027153862848
1225.451238155365,2.7487790694400027e-05,0.0004682009438207994,0.0024768327673276263,0.025005276997884116,0.02099407222535875
1228.8827250003815,2.7487790694400027e-05,0.0004572828041596545,0.002476504693428675,0.02563920021057129,0.020692890485127766
1232.3076939582825,2.7487790694400027e-05,0.0004627785360854533,0.0024607236807545024,0.025299700101216634,0.020711065928141276
1235.725657939911,2.7487790694400027e-05,0.0004669568889463941,0.0024616027328496176,0.02484267552693685,0.02089355892605252
1239.1480731964111,2.7487790694400027e-05,0.0004590757986685882,0.002479851890044908,0.02620220184326172,0.020748372342851425
1242.5628571510315,2.7487790694400027e-05,0.00045724689326662985,0.0024968392176864048,0.02781222661336263,0.020828574498494467
1245.9832949638367,2.7487790694400027e-05,0.0004570830412881656,0.0024556770843143266,0.0249463160832723,0.020602279239230685
1249.4042220115662,2.7487790694400027e-05,0.00045411725360382764,0.0024540922914942104,0.025293254852294923,0.020572181277804906
1252.8264019489288,2.7487790694400027e-05,0.0004576915144247727,0.0024503651695946854,0.025787333647410076,0.020661099751790365
1256.2360610961914,2.7487790694400027e-05,0.0004690417987553196,0.002467679139226675,0.026728745301564535,0.020576357576582167
1259.6502530574799,2.7487790694400027e-05,0.00044996629520836805,0.002469755398730437,0.026505359013875327,0.02069810734854804
1263.0862078666687,2.7487790694400027e-05,0.00045802221219572756,0.002454964661349853,0.02761585315068563,0.020675254927741155
1266.4958381652832,2.7487790694400027e-05,0.00045739607109377783,0.0024366792601843673,0.025346783796946208,0.020562357902526855
1269.9204549789429,2.7487790694400027e-05,0.00045012638438493016,0.0024445169450094304,0.02528684933980306,0.020686358080969917
1273.346206188202,2.7487790694400027e-05,0.000448263950076782,0.002430771415432294,0.025984934965769448,0.02068979607688056
1276.7706940174103,2.7487790694400027e-05,0.0004601700697094202,0.0024197190223882595,0.02462115287780762,0.02055414252811008
1280.209039926529,2.7487790694400027e-05,0.00044667832035985257,0.002409661995867888,0.02485407590866089,0.020464722845289444
1283.640114068985,2.7487790694400027e-05,0.0004467219081965999,0.0024241285243382055,0.02573418617248535,0.02058552000257704
1287.0580871105194,2.7487790694400027e-05,0.00045058511249307126,0.002422844059765339,0.025062437852223715,0.0205102891392178
1290.5011920928955,2.7487790694400027e-05,0.0004567347732113881,0.002429648612936338,0.027591149012247723,0.020565693378448487
1293.9229998588562,2.7487790694400027e-05,0.00046903735492378475,0.0024458358995616434,0.027302904923756918,0.020434988339742024
1297.3726439476013,2.7487790694400027e-05,0.00045308432308956983,0.0024015463267763456,0.024633165200551352,0.020418839984469944
1300.8031249046326,2.7487790694400027e-05,0.0004497309415859895,0.0024235750393321116,0.025727176666259767,0.020867999924553765
1304.2139010429382,2.7487790694400027e-05,0.0004495430090982053,0.002408426161855459,0.024589804808298747,0.02055185900794135
1307.632418870926,2.7487790694400027e-05,0.00045142787017135155,0.002400120363260309,0.025256919860839843,0.020502414173550077
1311.048316001892,2.7487790694400027e-05,0.00045271239295187923,0.00241890533749635,0.02568682829538981,0.02053465657764011
1314.4612860679626,2.7487790694400027e-05,0.00045071797988687954,0.002425679215230048,0.0303273876508077,0.020484058327145047
1317.8737251758575,2.7487790694400027e-05,0.00046356014726269576,0.002402338618412614,0.027105820178985596,0.020360287030537924
1321.2966139316559,2.7487790694400027e-05,0.0004517698033143663,0.002396695034500832,0.026826906204223632,0.020448489718967015
1324.7163491249084,2.7487790694400027e-05,0.00045386211584425636,0.0024063539109192788,0.02729949156443278,0.0205826203028361
1328.1310849189758,2.7487790694400027e-05,0.00044643740402534605,0.002403768322740992,0.025121100743611655,0.02060075812869602
1331.5729241371155,2.7487790694400027e-05,0.000448707677423954,0.00239895386621356,0.025600151220957438,0.020662354363335505
1334.9992060661316,2.7487790694400027e-05,0.0004480211187102315,0.0023763481838007766,0.025684674580891926,0.020350727770063613
1338.4188539981842,2.7487790694400027e-05,0.000437422693034427,0.002377479694162806,0.024984129269917808,0.020446201695336237
1341.8364329338074,2.7487790694400027e-05,0.0004419417301606801,0.0023908105834076804,0.025467753410339355,0.020550109015570747
1345.2598288059235,2.7487790694400027e-05,0.0004503705409458942,0.0023772356876482566,0.026025426387786866,0.020275745921664767
1348.6763889789581,2.7487790694400027e-05,0.00044806097996317676,0.0024131021384770674,0.03136765162150065,0.02041013585196601
1352.095004081726,2.7487790694400027e-05,0.00047375531673120953,0.002414398624872168,0.028146195411682128,0.020335067643059625
1355.514592885971,2.7487790694400027e-05,0.0004656013075469269,0.0023410039022564886,0.02479097843170166,0.02036407364739312
1358.9243140220642,2.7487790694400027e-05,0.00044939945477785335,0.0023758934733147424,0.026323227087656657,0.02041713423199124
1362.3531408309937,2.7487790694400027e-05,0.00045128750692432124,0.0023654544726014136,0.026631808280944823,0.020193282233344184
1365.785833120346,2.7487790694400027e-05,0.00044478749494171807,0.0023608137543002766,0.02475604216257731,0.020481740103827584
1369.1977598667145,2.7487790694400027e-05,0.0004394795849091477,0.0024755133277115722,0.03594355980555217,0.020211492644415963
1372.6190340518951,2.7487790694400027e-05,0.00048570450550566114,0.0023750356553743283,0.030215001106262206,0.0201914381980896
1376.0534760951996,2.7487790694400027e-05,0.00045777226138549545,0.002381348035608729,0.02665454943974813,0.020478265285491945
1379.4690668582916,2.1990232555520022e-05,0.00044144960508371394,0.002368640728915731,0.026255202293395997,0.020270969072977704
1382.8960149288177,2.1990232555520022e-05,0.0004392011078178055,0.002339411387220025,0.024447627862294517,0.020254351562923854
1386.3111350536346,2.1990232555520022e-05,0.00043570607085712253,0.0023543065879493954,0.0244096835454305,0.02030330975850423
1389.726161956787,2.1990232555520022e-05,0.00043114867423557575,0.0023755846389879784,0.02608950138092041,0.020230383078257242
1393.1511340141296,2.1990232555520022e-05,0.00044529568986035885,0.0023630846679831546,0.026739335060119628,0.020261973010169135
1396.5988011360168,2.1990232555520022e-05,0.00045173845881234026,0.002367046878983577,0.025893795490264892,0.020167673693762884
1400.0931029319763,2.1990232555520022e-05,0.0004269259978577288,0.002342625241726637,0.02496035099029541,0.020095535384284127
1403.5655920505524,2.1990232555520022e-05,0.00043173309726019703,0.0023348311466785767,0.024629867076873778,0.0201620790693495
1406.998058795929,2.1990232555520022e-05,0.00043395298222700756,0.0023458398412913085,0.026089119911193847,0.02029071569442749
1410.4129419326782,2.1990232555520022e-05,0.0004288284651314219,0.0023429112664113444,0.02492093245188395,0.020159280035230848
1413.8341920375824,2.1990232555520022e-05,0.00043193412323792776,0.00237148111142839,0.02928766409556071,0.020037780072953967
1417.2529802322388,2.1990232555520022e-05,0.0004360233310661796,0.00233221718420585,0.024382197856903078,0.020431457095676
1420.6668729782104,2.1990232555520022e-05,0.0004308174558294316,0.002343555632978678,0.02805139621098836,0.020131942431131998
1424.1021149158478,2.1990232555520022e-05,0.0004336199490353465,0.0023125946056097744,0.0237882137298584,0.020048724280463323
1427.5196771621704,2.1990232555520022e-05,0.00042768472210607595,0.0023173004233588775,0.024763790766398112,0.020102304617563883
1430.9376180171967,2.1990232555520022e-05,0.0004224633992028733,0.0023205728425333898,0.02469238837560018,0.01995561440785726
1434.376212835312,2.1990232555520022e-05,0.0004250724541230334,0.0023286645611127216,0.025344038009643556,0.019937872621748183
1437.7930138111115,2.1990232555520022e-05,0.00043085044793163735,0.002306740110119184,0.024265432357788087,0.02023957517411974
1441.1993608474731,2.1990232555520022e-05,0.0004327628063037992,0.00231349147312964,0.024258649349212645,0.019967065387301974
1444.6204419136047,2.1990232555520022e-05,0.00043070904600123563,0.002317123068496585,0.02452452580134074,0.020437223381466335
1448.0337331295013,2.1990232555520022e-05,0.0004203536787018594,0.0023246548138558865,0.025337278842926025,0.020050919585757786
1451.4429819583893,2.1990232555520022e-05,0.0004220346551543723,0.002317218901589513,0.02393252452214559,0.020238741238911947
1454.8787770271301,2.1990232555520022e-05,0.00042446906316197583,0.0023592321512599787,0.028331283728281656,0.01995777659946018
1458.2949450016022,2.1990232555520022e-05,0.00043081630396449733,0.0022945649572648106,0.02493142286936442,0.019962502320607502
1461.716017961502,2.1990232555520022e-05,0.0004393053085853656,0.0023061355808749796,0.024433072408040366,0.019879419008890786
1465.1376209259033,2.1990232555520022e-05,0.00043327053944166335,0.00229878689472874,0.024092471599578856,0.020078958405388727
1468.6101500988007,2.1990232555520022e-05,0.0004308181413863268,0.002309826761484146,0.02490989367167155,0.01993661509619819
1472.0259139537811,2.1990232555520022e-05,0.0004247351607773453,0.0023207176321496568,0.027069151401519775,0.02017983489566379
1475.4449260234833,2.1990232555520022e-05,0.0004231643552581469,0.0023045566553870837,0.023809019724527994,0.019950823254055446
1478.8747911453247,2.1990232555520022e-05,0.00042361877923313945,0.0022842708975076677,0.02370475927988688,0.019950810538397895
1482.2982549667358,2.1990232555520022e-05,0.0004177865261832873,0.002293856084967653,0.02409965991973877,0.0201613097720676
1485.7289459705353,2.1990232555520022e-05,0.0004229273275187653,0.002286480941499273,0.024695384502410888,0.01986255089441935
1489.1525979042053,2.1990232555520022e-05,0.00041850669594067664,0.0023073130442450443,0.0270915428797404,0.01986256096098158
1492.5748131275177,2.1990232555520022e-05,0.00041941453754487965,0.0022955530943969886,0.02731976906458537,0.019988651805453832
1495.9908030033112,2.1990232555520022e-05,0.00043311665455500286,0.0023381035309284924,0.029458407560984293,0.019933202266693116
1499.427640914917,2.1990232555520022e-05,0.00043498070186211006,0.002285812185922017,0.025459567705790203,0.020198808246188693
1502.8642871379852,1.7592186044416018e-05,0.00042032116196221776,0.0022987315392432113,0.025048017501831055,0.01982609854804145
1506.282121181488,1.7592186044416018e-05,0.0004125697318361037,0.002266340423375368,0.02400138775507609,0.019851156075795493
1509.6962311267853,1.7592186044416018e-05,0.00042285697030213973,0.0022863781234870356,0.02526245911916097,0.019887527094946966
1513.116590976715,1.7592186044416018e-05,0.000411519344844338,0.0023014329839497806,0.02636178731918335,0.019838324652777777
1516.5898270606995,1.7592186044416018e-05,0.0004183837037999183,0.0022618742504467567,0.024307270844777424,0.019776001506381563
1520.0219039916992,1.7592186044416018e-05,0.000430728730538653,0.002305950876325369,0.027278443177541096,0.019891369607713486
1523.4940650463104,1.7592186044416018e-05,0.00043097935300061686,0.0022762282712695497,0.024292075634002687,0.01980687830183241
1526.9318799972534,1.7592186044416018e-05,0.00041311241996785003,0.002295235637575388,0.02699041763941447,0.01977075179417928
1530.3568930625916,1.7592186044416018e-05,0.00042427438052578106,0.0022659493299822015,0.024706427256266275,0.019836947123209634
1533.7836689949036,1.7592186044416018e-05,0.0004097100347280502,0.00226521750446409,0.024339969952901205,0.019740735159979927
1537.229583978653,1.7592186044416018e-05,0.0004130465405372282,0.002274353709071875,0.025145427385965983,0.019778886371188693
1540.6464250087738,1.4073748835532815e-05,0.00041592558457826577,0.0022529592116673786,0.024047927061716715,0.019796533319685193
1544.0691711902618,1.4073748835532815e-05,0.00040894495129274825,0.002252197820538034,0.023685371875762938,0.019702099959055582
1547.4932041168213,1.4073748835532815e-05,0.00040582320070825517,0.002243052547176679,0.02389386494954427,0.019721105893452964
1550.913290977478,1.4073748835532815e-05,0.0004106665942041824,0.002251949906349182,0.02375529209772746,0.01982246822781033
1554.3336560726166,1.4073748835532815e-05,0.0004038823238160047,0.0022575036079312363,0.024379785855611166,0.019831482039557563
1557.7530179023743,1.4073748835532815e-05,0.00041034658853378563,0.002281785810676714,0.027129956086476645,0.01975978347990248
1561.1660780906677,1.4073748835532815e-05,0.00041072327229711746,0.002253993864481648,0.02392953634262085,0.01965372085571289
1564.5854120254517,1.4073748835532815e-05,0.00041662592427908545,0.0022525754446784656,0.027921982606252036,0.019708606666988798
1568.006180047989,1.4073748835532815e-05,0.000418921724647387,0.00223035360686481,0.023344886302948,0.019652634196811253
1571.4387979507446,1.4073748835532815e-05,0.0004124704140445424,0.002233924592534701,0.02337441047032674,0.019655878278944227
1574.8548049926758,1.4073748835532815e-05,0.0004085008856943912,0.0022408305512120327,0.023971056938171385,0.019727381335364447
1578.2854430675507,1.4073748835532815e-05,0.0004059593199700531,0.002237896566900114,0.023569818337758383,0.019642091592152914
1581.6991519927979,1.4073748835532815e-05,0.0004070947677569671,0.002245883954068025,0.023997437953948975,0.019657643636067708
1585.1250150203705,1.4073748835532815e-05,0.00040010662697669534,0.0022407853975892067,0.023967639605204264,0.01972657256656223
1588.5580320358276,1.4073748835532815e-05,0.00039885965977898904,0.0022378478897735476,0.023635518550872803,0.019709569878048366
1591.9766261577606,1.1258999068426253e-05,0.0004037829866218898,0.002229345574354132,0.02373636563618978,0.01967435598373413
1595.3903489112854,1.1258999068426253e-05,0.0004020804241817031,0.002230947557836771,0.023802284399668375,0.019829974174499512
1598.8096952438354,1.1258999068426253e-05,0.0004007185705833965,0.002227796691780289,0.023706161975860597,0.01966186629401313
1602.2276368141174,1.1258999068426253e-05,0.0004028290199736754,0.00223323005096366,0.024774293104807537,0.01957619349161784
1605.6642479896545,1.1258999068426253e-05,0.0003992667318218284,0.0022334675304591656,0.02425609827041626,0.019665050506591796
1609.0982491970062,1.1258999068426253e-05,0.0004006631209954826,0.002222067614396413,0.0236733078956604,0.01961496697531806
1612.5196759700775,1.1258999068426253e-05,0.000398587077183442,0.0022387999420364697,0.025668211778004966,0.019661128785875108
1615.9419610500336,1.1258999068426253e-05,0.0004116141069163051,0.002220101902882258,0.023606701691945394,0.01957455423143175
1619.384381055832,1.1258999068426253e-05,0.00039909749110746714,0.00221484811239255,0.02366448243459066,0.019627274407280817
1622.8106110095978,1.1258999068426253e-05,0.0003955798795990025,0.0022049519854287305,0.023328932126363118,0.019562375015682643
1626.223608970642,1.1258999068426253e-05,0.0003945937703570558,0.0022223178607722123,0.02467788060506185,0.019677628676096598
1629.6424639225006,1.1258999068426253e-05,0.0003954208413940958,0.002210784719015161,0.023967655499776204,0.019555933210584853
1633.0728459358215,1.1258999068426253e-05,0.000398150946582771,0.002203973960907509,0.02349850336710612,0.019531882074144153
1636.493352174759,1.1258999068426253e-05,0.00040295167192299334,0.0022081499608854454,0.02333322763442993,0.01956448449028863
1639.9917480945587,1.1258999068426253e-05,0.00039813571945867605,0.0022292771687110265,0.025500539938608804,0.019676595528920492
1643.4218411445618,1.1258999068426253e-05,0.0004015011919869317,0.002211601810995489,0.024058802922566732,0.019598939418792725
1646.856308221817,1.1258999068426253e-05,0.00039523097738209696,0.0022051690611988306,0.02335989475250244,0.019525047143300375
1650.2740919589996,1.1258999068426253e-05,0.0003960824228771445,0.002206069836392999,0.023437798023223877,0.019586664040883384
1653.7008609771729,1.1258999068426253e-05,0.0003979446754480402,0.0022098621043066184,0.0235678235689799,0.019607018364800347
